<assembly
    xmlns="http://maven.apache.org/plugins/maven-assembly-plugin/assembly/1.1.3"
    xmlns:xsi="http://www.w3.org/2001/XMLSchema-instance"
    xsi:schemaLocation="http://maven.apache.org/plugins/maven-assembly-plugin/assembly/1.1.3 http://maven.apache.org/xsd/assembly-1.1.3.xsd">
  <id>windows-x86-bin-archive</id>
  <formats>
    <format>zip</format>
  </formats>
  <includeBaseDirectory>true</includeBaseDirectory>
  <baseDirectory>${project.artifactId}-windows-x86-${project.version}</baseDirectory>
  <dependencySets>
    <dependencySet>
      <outputDirectory>lib</outputDirectory>
      <scope>runtime</scope>
      <useProjectArtifact>false</useProjectArtifact>
      <unpack>false</unpack>
    </dependencySet>
  </dependencySets>
  <fileSets>
    <fileSet>
      <directory>${project.build.directory}</directory>
      <outputDirectory>/</outputDirectory>
      <includes>
        <include>*.jar</include>
      </includes>
    </fileSet>
    <fileSet>
      <directory>${project.basedir}/lib</directory>
      <outputDirectory>lib</outputDirectory>
      <excludes>
        <exclude>**/*.jar</exclude>
        <exclude>native/linux/**</exclude>
        <exclude>native/linux-64/**</exclude>
        <exclude>native/macosx/**</exclude>
        <exclude>native/windows/jn*.dll</exclude>
        <exclude>native/windows-64/**</exclude>
        <exclude>README</exclude>
      </excludes>
    </fileSet>
    <fileSet>
      <directory>${project.basedir}/resources/install/windows</directory>
      <outputDirectory>/</outputDirectory>
      <includes>
        <include>jvb.bat</include>
      </includes>
    </fileSet>
  </fileSets>
</assembly>
